{"cameraMode":{"drawMode":0,"name":"Shaded","section":"Shading Mode"},"sceneLighting":true,"audioPlay":false,"sceneViewState":{"m_AlwaysRefresh":false,"showFog":true,"showSkybox":true,"showFlares":true,"showImageEffects":true,"showParticleSystems":true,"showVisualEffectGraphs":true,"m_FxEnabled":true},"in2DMode":false,"pivot":{"x":-0.9107217192649841,"y":1.5226731300354005,"z":-5.667942047119141},"rotation":{"x":-0.04678830876946449,"y":0.014080374501645565,"z":-0.0006592731224372983,"w":-0.998809814453125},"size":3.8514177799224855,"orthographic":false}