{"cameraMode":{"drawMode":0,"name":"Shaded","section":"Shading Mode"},"sceneLighting":true,"audioPlay":false,"sceneViewState":{"m_AlwaysRefresh":false,"showFog":true,"showSkybox":true,"showFlares":true,"showImageEffects":true,"showParticleSystems":true,"showVisualEffectGraphs":true,"m_FxEnabled":true},"in2DMode":false,"pivot":{"x":-0.20113062858581544,"y":-0.5975236892700195,"z":0.6469986438751221},"rotation":{"x":-0.17127224802970887,"y":0.4613300859928131,"z":-0.09126578271389008,"w":-0.8657464385032654},"size":1.4275338649749756,"orthographic":false}