{"cameraMode":{"drawMode":0,"name":"Shaded","section":"Shading Mode"},"sceneLighting":true,"audioPlay":false,"sceneViewState":{"m_AlwaysRefresh":false,"showFog":true,"showSkybox":true,"showFlares":true,"showImageEffects":true,"showParticleSystems":true,"showVisualEffectGraphs":true,"m_FxEnabled":true},"in2DMode":false,"pivot":{"x":0.038014352321624759,"y":0.8994351625442505,"z":-2.106238842010498},"rotation":{"x":-0.09761261940002442,"y":-0.029259320348501207,"z":0.0028709315229207279,"w":-0.9947987198829651},"size":4.651532173156738,"orthographic":false}