{"cameraMode":{"drawMode":0,"name":"Shaded","section":"Shading Mode"},"sceneLighting":true,"audioPlay":false,"sceneViewState":{"m_AlwaysRefresh":false,"showFog":true,"showSkybox":true,"showFlares":true,"showImageEffects":true,"showParticleSystems":true,"showVisualEffectGraphs":true,"m_FxEnabled":true},"in2DMode":false,"pivot":{"x":-0.5158085227012634,"y":-0.21471872925758363,"z":0.1631183624267578},"rotation":{"x":-0.1535012423992157,"y":0.6075351238250732,"z":-0.1211370974779129,"w":-0.7698500156402588},"size":0.8275339007377625,"orthographic":false}