{"cameraMode":{"drawMode":0,"name":"Shaded","section":"Shading Mode"},"sceneLighting":true,"audioPlay":false,"sceneViewState":{"m_AlwaysRefresh":false,"showFog":true,"showSkybox":true,"showFlares":true,"showImageEffects":true,"showParticleSystems":true,"showVisualEffectGraphs":true,"m_FxEnabled":true},"in2DMode":false,"pivot":{"x":0.1955847293138504,"y":1.0264554023742676,"z":-5.683356285095215},"rotation":{"x":-0.04678830876946449,"y":0.014080374501645565,"z":-0.0006592731224372983,"w":-0.998809814453125},"size":3.551417827606201,"orthographic":false}