{"cameraMode":{"drawMode":0,"name":"Shaded","section":"Shading Mode"},"sceneLighting":true,"audioPlay":false,"sceneViewState":{"m_AlwaysRefresh":false,"showFog":true,"showSkybox":true,"showFlares":true,"showImageEffects":true,"showParticleSystems":true,"showVisualEffectGraphs":true,"m_FxEnabled":true},"in2DMode":false,"pivot":{"x":0.17905789613723756,"y":0.228683203458786,"z":-0.0819304883480072},"rotation":{"x":-0.06686228513717652,"y":0.8784107565879822,"z":-0.12899626791477204,"w":-0.4553021490573883},"size":0.2660253643989563,"orthographic":false}